Customer ID,Name,Email,Phone Number,Address
1,Lisa Jackson,mckenziesandra@smith.com,001-856-808-8095x30255,"PSC 6419, Box 7252
APO AE 59306"
2,Amy Johnson,suzannetran@gordon.com,464-649-6028x7512,"USNS Powell
FPO AE 29659"
3,Richard Tanner,littlejeffrey@hotmail.com,001-392-069-8133x5677,"32189 Brown Dam Suite 245
Kristenmouth, ID 59714"
4,Christina Fuller,johnsonalexander@rodriguez.net,001-965-987-0199,"3610 Clark Mountains
West Johnport, OK 43416"
5,Dr. Christopher Riley,lori69@moore.net,332.800.0855,"10636 Good Roads Suite 252
Lake Sonya, VT 45297"
6,Jerry Diaz,michael48@santana.com,804-316-5982x41608,"78172 Jaime Crossroad
Nicoleside, DE 60474"
7,Molly Gibson,jason44@alexander-adams.com,(264)135-9174x6597,"2820 Barnett Wells Apt. 152
New Tim, KY 11765"
8,Jeffrey Walker,clementsmarie@hotmail.com,(740)051-1093x82845,"20905 Green Knoll Apt. 038
New Annside, NV 15354"
9,Paul Booker,dale60@nolan-johnson.com,349.025.2563,"2109 Lopez Common Suite 163
South Thomas, UT 31618"
10,Tyler Conner,hickmankelli@gmail.com,001-279-039-1210x15566,"PSC 4410, Box 2114
APO AP 11083"
11,Chelsea Warren,jamie81@gallagher.info,433.577.1347x7313,"013 Tara Drives
East Stephanie, NV 04856"
12,James Taylor,kenneth39@keith.com,(091)355-0236x77006,"32247 Laura Dale
Port Russell, ID 96066"
13,Sara Lawrence,rfloyd@hotmail.com,001-175-625-6707x468,"729 Warren Court Suite 311
North Phyllis, LA 29589"
14,Albert Thornton,ijames@brown.info,(233)134-1302x299,"316 Roberts Square Apt. 816
Harveyton, ME 05677"
15,Robert Camacho,romerocurtis@bentley.com,(451)131-4315x496,"3348 Norman Point Apt. 136
Port Anna, MO 88292"
16,Desiree Davis,mariaodom@gmail.com,601.298.5537x3639,"1957 Parker Hollow
Lake Marissa, MA 70821"
17,Denise Williams,cooleyjessica@hotmail.com,340-670-7250x51271,"892 Baker Tunnel Suite 706
Bentleyville, NC 17844"
18,Tammie Gonzalez,kelly70@yahoo.com,001-232-375-2352x989,"1833 Robles Expressway Apt. 472
North Michellefurt, TX 07511"
19,Stephanie Weaver,powen@deleon.org,001-404-728-7471x2164,"48467 Molly Isle Suite 756
Millermouth, VT 23724"
20,Dustin Marquez,darrylhays@gmail.com,(761)523-4553x93762,"891 Barbara Rue Suite 440
Lake Patrick, WY 93510"
21,Linda Mcgee,raymondjensen@harris-hatfield.net,863.369.6912,"82217 Middleton Wall
Port Daniel, VT 77926"
22,Mr. Alec Freeman,jonramos@dean.com,409-807-4351,"70277 Hale Trace Suite 368
East Hailey, AZ 24411"
23,Dennis Anderson,myershunter@gmail.com,459.228.1501,"88406 Colleen Pine Suite 626
South Monica, FL 78708"
24,Arthur Grant,gonzalezdavid@yahoo.com,001-369-592-1291x891,"2089 Smith Prairie Apt. 959
South Brendamouth, ID 17227"
25,Brandon Watson,melissa49@hotmail.com,+1-442-004-8391,"02122 Glenn Throughway Suite 830
East Elizabeth, VT 65150"
26,Mrs. Marcia Logan,arthurmurray@moore.info,238.510.1985,"7013 Trujillo Lights Apt. 911
Jennaborough, HI 07726"
27,Lisa Jimenez,adamskelli@pham.biz,001-989-838-6405x467,"65770 Powers Prairie Suite 024
South Thomas, NE 23775"
28,Amber Duffy,thompsongeorge@hotmail.com,111-934-4334x69598,"474 Higgins Harbors Suite 828
Lake Christinaville, UT 52314"
29,Benjamin Price,mhendricks@ferguson.com,860-137-1743,"USNV Sanchez
FPO AE 24188"
30,Mary Noble,sfrederick@hotmail.com,130.034.0625x1205,"2890 Schwartz Ports
Harryfort, SD 86617"
31,Vicki Newman,tthompson@gmail.com,444.688.4512,"698 Greene Trail Suite 965
Ashleyborough, HI 33863"
32,Parker Miller,oliviajohnson@yahoo.com,523.329.7362,"77551 Brandon Islands
Danielmouth, ND 05759"
33,Renee Hancock,lynn19@johnson.biz,+1-128-707-7359x665,"399 Bridges Tunnel
Hernandezborough, MN 48992"
34,Hannah Morrison,yhopkins@sawyer.com,(479)264-7956,"626 Anthony Center Suite 410
Lynnchester, NM 15643"
35,Sheryl Sloan,melissamoore@stark.org,623.925.3664x59601,"5126 Michael Drives Suite 597
North Nancy, AL 50078"
36,Ashley Ray,christopher43@richardson.com,+1-258-382-9862x4507,"USCGC Martinez
FPO AA 52700"
37,Tiffany Goodwin,juangilmore@parks.com,001-430-004-4887x06356,"97759 Evans Plaza
Wesleyfort, DE 22215"
38,Jason Lee,andrewsjustin@cook.com,371-131-9066x381,"Unit 0723 Box 4828
DPO AA 39985"
39,Robert Dixon,lfox@johnson.info,7543266043,"06903 Marcus Dam
New Davidfurt, PA 64800"
40,Stacy Ramirez,tnewton@yahoo.com,001-659-663-0363,"1261 Davis Knoll Suite 542
Jamesborough, CA 53730"
41,Sabrina Bates,lynn94@yahoo.com,+1-129-062-4955x88760,"66876 Nina Brooks
Johnsonfort, MO 39887"
42,Alex Mathews,edwinbell@hotmail.com,476-688-4047x693,"0036 Mcdaniel Fall
New Christopherstad, WV 19693"
43,Mr. Steven Vaughn,jeremiah82@williamson-patel.info,111.881.5091x166,"7297 Edwards Loop
Lake Marieborough, AR 25775"
44,Martin West,lhayden@jackson.net,(939)457-0771,"8796 Carl Union
Lake Jackie, NH 65983"
45,Elizabeth Hill,allenevan@yahoo.com,745.635.6068,"82093 Christopher Point
Josephberg, DC 54456"
46,Leslie Mcdowell,drichards@gmail.com,(700)786-7240x638,"3188 Rhonda Ramp Suite 946
New Kurthaven, RI 91334"
47,Dr. Samuel Jarvis,bryan51@hotmail.com,001-156-604-4746x68313,"USNS Hayes
FPO AA 78263"
48,Craig Ortiz,christopherross@hotmail.com,(942)622-5548,"3506 John Ford Suite 677
Nelsonstad, SC 01345"
49,Alexandria Owens,annaspears@yahoo.com,022-242-8092x5317,"600 Benjamin Glen
East Jack, MI 21329"
50,Annette Cole,jamesli@henry.biz,034-232-3777,"8640 Estrada Trail
New John, NE 78317"
