Date,Product_ID,Quantity_Sold,Unit_Price,Total_Sales,Customer_ID,Store_Location
2023-12-08,101,5,28.227770560873893,141.13885280436946,1089,Houston
2023-11-29,100,2,16.908961877773734,33.81792375554747,1097,Chicago
2023-12-19,109,4,75.29675880926148,301.1870352370459,1093,New York
2023-12-13,104,4,19.78405088467691,79.13620353870763,1030,Houston
2023-11-21,105,6,54.56966755803098,327.4180053481859,1032,Phoenix
2023-12-17,106,8,86.51928251234207,692.1542600987366,1076,Houston
2023-12-16,105,5,85.52571299438415,427.62856497192075,1078,Houston
2023-12-02,104,2,92.99185871403841,185.98371742807683,1016,Los Angeles
2023-11-28,104,3,58.834577180493,176.503731541479,1011,New York
2023-12-19,103,8,31.705437069768546,253.64349655814837,1078,New York
2023-12-17,108,7,11.074420483094706,77.52094338166293,1043,Phoenix
2023-12-02,100,3,95.53977977101636,286.61933931304907,1045,Chicago
2023-11-26,104,1,17.333360898249904,17.333360898249904,1069,New York
2023-12-03,101,9,91.85559896326497,826.7003906693847,1014,Los Angeles
2023-11-28,109,6,12.33124799943737,73.98748799662422,1043,Los Angeles
2023-12-06,103,3,74.95339212095419,224.86017636286257,1035,New York
2023-12-03,103,3,35.2291696992844,105.6875090978532,1009,Chicago
2023-12-01,106,9,28.146748988657777,253.32074089792,1061,New York
2023-12-16,103,9,71.74239948988189,645.681595408937,1038,Houston
2023-12-06,108,7,17.198702817134315,120.3909197199402,1075,Houston
2023-12-12,103,7,18.367224724402664,128.57057307081865,1079,Houston
2023-12-13,108,9,14.544790315834788,130.9031128425131,1018,Los Angeles
2023-12-18,108,1,90.09340123100044,90.09340123100044,1088,New York
2023-12-08,104,4,93.16071646948167,372.6428658779267,1009,Los Angeles
2023-12-16,101,2,95.35396716944696,190.70793433889392,1065,Chicago
2023-12-19,109,2,24.680390339408902,49.360780678817804,1061,Los Angeles
2023-11-29,104,6,91.673182136104,550.039092816624,1052,New York
2023-12-17,103,9,88.30548589775901,794.7493730798311,1067,New York
2023-12-03,104,3,21.01447690961951,63.04343072885853,1094,Los Angeles
2023-11-28,109,7,76.46053697419022,535.2237588193316,1099,Phoenix
2023-12-08,100,7,66.15860180543365,463.11021263803553,1026,Houston
2023-12-09,109,5,84.1522771810547,420.7613859052735,1030,New York
2023-11-21,104,9,12.559683889731973,113.03715500758776,1077,Phoenix
2023-12-10,109,9,85.4222564047627,768.8003076428644,1076,Chicago
2023-11-26,100,10,42.691923348662726,426.91923348662726,1077,Los Angeles
2023-11-24,102,8,26.669637014750897,213.35709611800718,1071,Phoenix
2023-12-03,100,2,68.56309302455671,137.12618604911341,1054,Los Angeles
2023-12-15,105,5,72.03243509671901,360.1621754835951,1090,Phoenix
2023-12-04,106,7,84.52939913890039,591.7057939723027,1018,New York
2023-11-24,100,6,63.139434728772386,378.8366083726343,1056,New York
2023-11-29,101,5,73.35747052622318,366.78735263111594,1082,New York
2023-11-24,102,2,61.23220565040113,122.46441130080225,1041,Los Angeles
2023-12-06,109,3,60.366286090124156,181.09885827037246,1032,Chicago
2023-12-09,101,2,17.157941594796778,34.315883189593556,1023,Los Angeles
2023-12-16,100,10,79.68978024991702,796.8978024991702,1013,Chicago
2023-12-11,105,8,64.16881068941984,513.3504855153587,1013,Phoenix
2023-12-10,102,1,60.273184059210884,60.273184059210884,1027,Houston
2023-12-01,106,2,36.306896209381534,72.61379241876307,1087,Houston
2023-11-26,109,1,77.7380308277292,77.7380308277292,1100,Houston
2023-12-17,103,4,89.36204692359532,357.44818769438126,1015,Houston
2023-11-24,100,3,35.4412109408648,106.32363282259439,1038,Phoenix
2023-12-11,107,8,27.013742436456997,216.10993949165598,1093,New York
2023-12-08,102,3,99.75145061697403,299.2543518509221,1053,New York
2023-11-24,100,5,71.40308905441174,357.0154452720587,1078,Houston
2023-12-11,100,9,60.6994789169739,546.2953102527651,1051,Phoenix
2023-12-14,106,2,60.89119806336904,121.78239612673808,1062,Phoenix
2023-12-10,102,8,40.564746906580986,324.5179752526479,1016,New York
2023-12-13,100,5,40.02470943059536,200.12354715297678,1045,Los Angeles
2023-12-14,101,9,74.8979934854085,674.0819413686766,1001,Phoenix
2023-12-15,107,3,15.382964752011205,46.148894256033614,1080,Phoenix
2023-12-09,108,4,57.59304060581413,230.37216242325653,1050,Chicago
2023-11-24,107,8,96.00270604183463,768.021648334677,1080,Houston
2023-11-22,107,8,70.06936305211724,560.5549044169379,1076,Chicago
2023-12-15,104,2,94.90013644381713,189.80027288763426,1062,Phoenix
2023-11-22,102,2,28.106558761704875,56.21311752340975,1063,Chicago
2023-12-03,106,7,65.42443735382251,457.9710614767576,1013,Chicago
2023-11-26,100,1,46.74359337795051,46.74359337795051,1031,New York
2023-12-17,106,4,19.47736475903978,77.90945903615912,1005,New York
2023-11-30,108,10,65.4551744315113,654.551744315113,1005,Los Angeles
2023-12-06,108,8,83.85455646791188,670.836451743295,1006,New York
2023-11-30,102,6,59.11775587280746,354.70653523684473,1000,Chicago
2023-12-04,106,6,86.15352465587327,516.9211479352396,1028,Chicago
2023-12-16,109,9,14.043048784004784,126.38743905604305,1027,Phoenix
2023-11-28,107,7,11.349034797518042,79.4432435826263,1010,Houston
2023-12-02,102,6,72.99643977511282,437.9786386506769,1035,Houston
2023-12-05,104,3,37.77877501961714,113.33632505885143,1052,Houston
2023-12-03,102,1,49.092372707579116,49.092372707579116,1032,Phoenix
2023-12-07,104,9,30.2401982599751,272.16178433977586,1016,Houston
2023-11-28,107,9,99.82958833668245,898.4662950301421,1001,Houston
2023-12-19,101,1,38.08739963840763,38.08739963840763,1074,New York
2023-12-13,106,2,41.305105615200475,82.61021123040095,1034,Houston
2023-11-29,100,5,82.74318525192626,413.7159262596313,1085,Chicago
2023-12-14,100,1,32.10797146548694,32.10797146548694,1070,Houston
2023-11-27,104,7,31.662487417191144,221.63741192033802,1059,Chicago
2023-12-04,108,8,52.00546451971047,416.0437161576838,1052,Los Angeles
2023-11-23,100,6,47.27531416634607,283.6518849980764,1085,Houston
2023-12-13,109,9,28.85235106790176,259.67115961111585,1086,New York
2023-11-26,106,3,36.46212116879989,109.38636350639968,1058,Chicago
2023-12-18,101,3,67.19790276312378,201.59370828937134,1042,Los Angeles
2023-12-04,106,7,62.84011694612568,439.88081862287976,1007,New York
2023-12-15,107,10,37.87594171643416,378.75941716434164,1059,New York
2023-12-10,103,9,48.642772112839346,437.7849490155541,1044,New York
2023-11-28,107,7,80.69499838360326,564.8649886852229,1082,Houston
2023-11-27,100,4,21.818595869000944,87.27438347600378,1067,Los Angeles
2023-12-03,103,5,63.00648262736787,315.03241313683935,1066,New York
2023-12-18,109,10,76.95720746198478,769.5720746198479,1026,Houston
2023-11-28,105,10,22.498494303601472,224.98494303601473,1097,Los Angeles
2023-11-24,107,7,87.15239032364694,610.0667322655286,1067,New York
2023-12-07,104,9,61.837711296913454,556.5394016722211,1097,Houston
2023-12-20,104,10,81.55097207098817,815.5097207098817,1087,Phoenix
2023-11-23,107,8,71.05544393254634,568.4435514603707,1031,New York
2023-12-07,105,1,74.57084737331924,74.57084737331924,1064,New York
2023-12-18,105,5,20.150499557085755,100.75249778542877,1095,Phoenix
2023-12-17,103,1,48.790434073445745,48.790434073445745,1059,Phoenix
2023-12-06,107,3,81.85635197578668,245.56905592736004,1025,Houston
2023-12-04,102,10,20.88065717187868,208.8065717187868,1007,Chicago
2023-12-09,100,3,99.06375735067323,297.1912720520197,1088,Phoenix
2023-12-01,103,4,98.68333505767322,394.7333402306929,1062,Los Angeles
2023-12-03,107,9,94.53702264191341,850.8332037772207,1094,Houston
2023-12-08,109,10,96.63910584057535,966.3910584057535,1077,Houston
2023-12-05,104,7,24.960055840189668,174.72039088132766,1023,Houston
2023-11-26,108,3,19.94656366455414,59.83969099366242,1020,Chicago
2023-11-28,100,5,71.00428778288327,355.0214389144163,1032,Phoenix
2023-11-29,105,6,34.398338865673644,206.39003319404185,1067,Houston
2023-11-28,109,5,42.387626483145745,211.93813241572872,1004,New York
2023-11-24,108,8,44.51212093966888,356.09696751735106,1054,Los Angeles
2023-12-04,108,4,98.12450583709051,392.49802334836204,1063,Phoenix
2023-12-17,109,10,86.02708425716493,860.2708425716493,1063,Chicago
2023-11-29,100,10,38.3386031182978,383.38603118297794,1047,Los Angeles
2023-11-23,102,1,13.754772713681653,13.754772713681653,1089,Phoenix
2023-11-27,104,4,33.4656316366348,133.8625265465392,1027,Houston
2023-12-04,100,10,97.90908432908705,979.0908432908705,1088,Houston
2023-12-18,102,8,12.967841290556493,103.74273032445194,1015,Los Angeles
2023-11-23,105,10,59.02236765009146,590.2236765009146,1090,Phoenix
2023-11-21,106,3,22.61555301475406,67.84665904426218,1055,Phoenix
2023-12-11,102,10,25.436191084431773,254.36191084431772,1046,Phoenix
2023-12-10,109,2,61.45333026456633,122.90666052913267,1007,Phoenix
2023-11-25,103,9,38.435820571664365,345.9223851449793,1063,Chicago
2023-12-16,109,7,45.58596193958556,319.1017335770989,1031,Los Angeles
2023-12-09,108,3,99.12015307993352,297.36045923980055,1007,Houston
2023-11-25,108,7,49.4412599851636,346.0888198961452,1044,Los Angeles
2023-12-12,100,1,85.71103950316376,85.71103950316376,1031,Los Angeles
2023-11-26,108,5,52.2747768445157,261.3738842225785,1013,Chicago
2023-11-26,101,4,42.50069498285791,170.00277993143163,1018,Los Angeles
2023-11-29,108,1,92.98381611356099,92.98381611356099,1018,Chicago
2023-11-28,103,10,42.21199504173744,422.1199504173744,1068,Houston
2023-12-06,105,9,52.78956195826357,475.1060576243721,1005,Chicago
2023-12-09,102,4,13.939635298195267,55.75854119278107,1035,Chicago
2023-12-01,102,6,95.0871258269831,570.5227549618986,1015,Houston
2023-12-12,102,10,41.29032065852857,412.9032065852857,1097,Los Angeles
2023-11-27,103,8,76.41098492689093,611.2878794151275,1020,Phoenix
2023-11-24,108,10,70.00410209266227,700.0410209266227,1075,Houston
2023-12-07,105,5,56.174576733207836,280.8728836660392,1022,Phoenix
2023-12-04,109,6,90.23464225336384,541.407853520183,1050,Los Angeles
2023-12-10,105,9,43.766955512088124,393.90259960879314,1098,Houston
2023-12-14,105,4,45.215555356411315,180.86222142564526,1079,Phoenix
2023-12-07,100,9,87.51386559094732,787.6247903185258,1068,Los Angeles
2023-11-28,108,9,79.16590431857716,712.4931388671945,1024,Phoenix
2023-12-07,104,7,22.823979809868863,159.76785866908205,1093,Phoenix
2023-11-28,107,5,63.53328125360443,317.6664062680221,1057,New York
2023-12-12,106,5,73.89857025609868,369.49285128049337,1048,Houston
2023-12-08,107,5,33.6697228823554,168.34861441177702,1018,Chicago
2023-12-06,109,2,15.496722680855793,30.993445361711586,1067,Los Angeles
2023-12-08,105,4,46.471016408725795,185.88406563490318,1074,Chicago
2023-12-17,108,3,24.748832770630187,74.24649831189056,1005,Chicago
2023-11-26,107,10,58.50884426558933,585.0884426558933,1063,New York
2023-12-10,103,7,27.1070353452462,189.7492474167234,1066,Phoenix
2023-12-02,104,7,17.824043046461604,124.76830132523122,1100,Phoenix
2023-12-06,109,7,92.96870942536798,650.7809659775759,1060,Chicago
2023-12-15,100,6,26.823331457539695,160.93998874523817,1063,Phoenix
2023-11-24,109,2,31.166106796590324,62.33221359318065,1020,New York
2023-12-04,103,10,42.78859769047069,427.88597690470687,1009,Phoenix
2023-12-13,109,3,62.27911152390445,186.83733457171334,1028,Los Angeles
2023-12-16,109,2,67.94477901022094,135.88955802044188,1074,Phoenix
2023-12-09,107,1,88.99130911546605,88.99130911546605,1074,Los Angeles
2023-12-04,105,8,39.67064595587276,317.36516764698206,1092,Los Angeles
2023-11-25,109,3,98.16079261539782,294.48237784619346,1025,Los Angeles
2023-11-25,108,4,13.05406254022731,52.21625016090924,1081,Houston
2023-12-12,108,9,43.889666558080364,395.0069990227233,1072,Houston
2023-12-17,108,5,42.33202115172534,211.6601057586267,1027,Phoenix
2023-12-11,109,9,43.6879791705442,393.19181253489785,1005,Houston
2023-11-30,107,2,93.88321889971465,187.7664377994293,1006,Phoenix
2023-12-08,108,5,40.370997830657146,201.85498915328571,1089,Chicago
2023-11-25,103,7,66.51772297558995,465.62406082912963,1014,Los Angeles
2023-12-19,102,5,84.33891961450503,421.69459807252514,1022,Phoenix
2023-11-24,109,7,22.549702533959444,157.8479177377161,1066,Chicago
2023-12-07,101,8,36.32733353488656,290.6186682790925,1066,Houston
2023-11-28,100,3,13.071812362006598,39.2154370860198,1020,Houston
2023-11-28,107,2,33.608035862348586,67.21607172469717,1080,New York
2023-12-16,109,6,84.30829031854127,505.84974191124763,1029,Houston
2023-12-13,104,9,66.86392461625184,601.7753215462665,1076,Chicago
2023-11-24,102,7,39.49410308474445,276.4587215932112,1022,Los Angeles
2023-12-11,104,2,28.325124693910954,56.65024938782191,1099,Los Angeles
2023-12-19,102,3,68.90717852431392,206.72153557294178,1094,New York
2023-12-07,101,9,79.03344364685826,711.3009928217243,1059,Houston
2023-11-21,109,4,88.26457986031711,353.05831944126845,1060,Chicago
2023-12-20,105,9,97.24028574765309,875.1625717288778,1087,Houston
2023-12-17,102,7,54.498490119608455,381.4894308372592,1042,Houston
2023-12-10,105,10,35.72726793621465,357.2726793621465,1037,Los Angeles
2023-12-18,101,10,67.81334590222443,678.1334590222443,1073,New York
2023-12-14,100,8,79.6324684821364,637.0597478570912,1081,New York
2023-11-27,107,2,12.13144676556973,24.26289353113946,1020,New York
2023-12-10,105,10,97.39703003772534,973.9703003772535,1060,Phoenix
2023-12-20,105,3,70.29216858583197,210.87650575749592,1051,Houston
2023-12-16,101,7,13.058997909781437,91.41298536847006,1093,Houston
2023-12-12,105,10,10.57838308673902,105.78383086739021,1028,New York
2023-12-20,105,7,23.912851763645968,167.38996234552178,1061,Los Angeles
2023-11-24,107,2,55.288915116101876,110.57783023220375,1011,New York
2023-12-12,105,7,48.931095066824675,342.5176654677727,1021,Chicago
2023-12-09,106,6,10.451513658773703,62.709081952642215,1076,New York
2023-12-16,103,8,22.944086765361163,183.5526941228893,1020,Chicago
2023-12-15,107,8,69.35774467214924,554.8619573771939,1025,Chicago
2023-11-30,103,8,57.284977560098184,458.2798204807855,1045,Los Angeles
2023-11-29,108,2,49.07445803207689,98.14891606415378,1074,Los Angeles
2023-12-09,101,2,37.57365265340738,75.14730530681476,1081,Chicago
2023-12-01,107,5,68.85403399954583,344.27016999772917,1026,New York
2023-11-27,103,1,89.14849168784974,89.14849168784974,1009,New York
2023-11-28,101,6,21.443818668853293,128.66291201311975,1000,Houston
2023-12-11,108,2,21.680180402777875,43.36036080555575,1010,Phoenix
2023-11-27,106,6,13.76315874339627,82.57895246037762,1041,Los Angeles
2023-12-02,104,8,53.74122306969933,429.92978455759464,1055,Phoenix
2023-12-04,103,7,64.83951681088095,453.8766176761667,1091,Chicago
2023-11-25,100,3,79.62124992989618,238.86374978968854,1012,Phoenix
2023-12-10,106,4,22.51814464927419,90.07257859709676,1011,Phoenix
2023-12-16,101,2,52.03096753223947,104.06193506447894,1093,New York
2023-12-12,101,1,39.04771257518205,39.04771257518205,1006,Los Angeles
2023-11-22,107,10,17.042600344660634,170.42600344660633,1002,Los Angeles
2023-12-07,103,5,49.69763223610684,248.4881611805342,1018,Houston
2023-12-05,105,6,22.63281538424965,135.7968923054979,1036,Chicago
2023-12-06,105,1,16.19798763879034,16.19798763879034,1053,New York
2023-12-15,108,6,43.05720273047031,258.3432163828219,1072,Chicago
2023-12-06,104,7,39.1265847234534,273.8860930641738,1063,Chicago
2023-11-25,101,9,60.58760583476029,545.2884525128426,1074,New York
2023-12-05,107,6,69.20545246275938,415.2327147765563,1000,Los Angeles
2023-12-04,104,3,68.97572297041884,206.92716891125653,1057,New York
2023-12-15,101,4,62.724567907418766,250.89827162967507,1061,Houston
2023-12-19,101,10,40.906289710586485,409.06289710586486,1097,New York
2023-12-09,101,1,87.71950059979434,87.71950059979434,1085,Phoenix
2023-12-15,108,1,80.89983521850307,80.89983521850307,1045,Chicago
2023-12-16,101,4,83.81640543115682,335.2656217246273,1003,New York
2023-12-04,103,9,53.731333185382915,483.58199866844626,1004,Houston
2023-12-14,107,2,69.77450524323432,139.54901048646863,1084,Phoenix
2023-12-04,100,5,79.55657583009652,397.7828791504826,1033,Houston
2023-12-16,105,2,37.35041393906843,74.70082787813686,1027,Chicago
2023-12-04,102,3,38.341245105522226,115.02373531656667,1068,Chicago
2023-12-16,100,10,69.63891427468587,696.3891427468587,1028,Phoenix
2023-12-14,104,6,98.08271358547175,588.4962815128305,1092,Phoenix
2023-12-12,105,5,86.80974263697473,434.0487131848737,1022,New York
2023-11-28,107,5,29.625734328824677,148.1286716441234,1013,Chicago
2023-12-12,107,1,81.19204828383991,81.19204828383991,1053,Los Angeles
2023-11-23,105,2,42.97361675308327,85.94723350616654,1033,Chicago
2023-12-08,109,2,35.73412281641447,71.46824563282894,1048,Houston
2023-11-28,101,5,53.74751578594869,268.73757892974345,1050,Chicago
2023-11-23,102,2,41.31601244768727,82.63202489537454,1033,Los Angeles
2023-12-02,106,9,80.16937247410704,721.5243522669633,1088,Houston
2023-12-11,106,2,31.93015371301759,63.86030742603518,1093,Los Angeles
2023-12-18,105,2,50.23488099440787,100.46976198881573,1024,Los Angeles
2023-12-11,108,4,95.86547650691641,383.46190602766563,1064,New York
2023-11-27,105,7,50.50077148032183,353.50540036225283,1073,Phoenix
2023-12-18,103,3,28.014358646036357,84.04307593810907,1067,Los Angeles
2023-12-08,103,10,42.15412761408855,421.54127614088554,1017,New York
2023-12-01,105,2,76.7253212774837,153.4506425549674,1021,Chicago
2023-11-21,100,2,19.452063151132123,38.904126302264245,1054,Houston
2023-12-16,101,10,70.89652659509635,708.9652659509635,1050,Los Angeles
2023-11-22,109,4,44.6684728716424,178.6738914865696,1006,Los Angeles
2023-11-21,108,7,39.7180602304943,278.0264216134601,1094,Houston
2023-11-28,105,9,51.218929893061514,460.9703690375536,1017,Phoenix
2023-12-04,101,1,71.89568683892412,71.89568683892412,1055,Los Angeles
2023-11-29,104,1,46.37804098163356,46.37804098163356,1065,Phoenix
2023-12-06,101,10,63.456908167447494,634.569081674475,1025,Los Angeles
2023-12-17,104,3,78.91462969807546,236.74388909422638,1067,Houston
2023-12-01,105,8,85.50168904380261,684.0135123504209,1071,Chicago
2023-12-20,108,6,45.044702062616935,270.26821237570164,1021,Los Angeles
2023-12-19,108,4,16.7741340808076,67.0965363232304,1041,Los Angeles
2023-11-22,100,3,96.85207561326727,290.5562268398018,1084,Chicago
2023-12-08,108,8,74.80468918903705,598.4375135122964,1084,Chicago
2023-12-10,106,4,34.6358947370632,138.5435789482528,1003,Chicago
2023-12-08,101,10,64.00599413654362,640.0599413654362,1000,Phoenix
2023-12-02,104,4,45.52504059447518,182.10016237790072,1094,Los Angeles
2023-12-01,109,1,17.11640119342425,17.11640119342425,1046,Houston
2023-11-25,108,9,11.688665044267013,105.19798539840312,1036,Chicago
2023-12-15,105,10,98.35904723999515,983.5904723999515,1098,New York
2023-11-21,105,5,63.30993275273317,316.5496637636658,1067,Los Angeles
2023-11-25,106,4,56.80304019310144,227.21216077240575,1083,Chicago
2023-12-13,106,5,80.07730506810374,400.3865253405187,1075,Chicago
2023-12-13,108,10,34.876359320822985,348.76359320822985,1053,New York
2023-11-30,104,1,78.78782627126282,78.78782627126282,1001,Phoenix
2023-12-04,109,4,53.355435298069985,213.42174119227994,1075,New York
2023-12-15,105,8,71.58356559268688,572.668524741495,1095,Phoenix
2023-11-26,102,5,47.53965455284041,237.69827276420204,1090,New York
2023-12-12,102,7,42.83044613760331,299.8131229632232,1010,Houston
2023-12-08,101,2,38.29426465063585,76.5885293012717,1088,Chicago
2023-11-28,107,3,52.40838497004829,157.22515491014485,1076,Los Angeles
2023-11-30,109,10,41.998696332563185,419.98696332563185,1057,Houston
2023-12-13,108,1,69.26016434089826,69.26016434089826,1082,Chicago
2023-12-10,108,10,98.65502654653302,986.5502654653302,1034,Los Angeles
2023-12-13,104,3,72.41009385590834,217.23028156772503,1088,Chicago
2023-12-03,108,8,31.447129675734196,251.57703740587357,1036,Houston
2023-11-24,106,2,32.112823679699154,64.22564735939831,1060,Phoenix
2023-12-13,101,7,79.52216539010014,556.655157730701,1077,Chicago
2023-12-09,109,7,74.7284856792122,523.0993997544854,1053,Chicago
2023-12-09,101,4,98.40006910729588,393.6002764291835,1048,New York
2023-11-23,109,1,74.02251602290941,74.02251602290941,1035,Phoenix
2023-12-08,103,2,54.599647011790125,109.19929402358025,1075,Phoenix
2023-12-05,104,4,38.94657813007858,155.7863125203143,1013,New York
2023-11-28,102,6,74.71231205439028,448.2738723263417,1079,Houston
2023-12-13,106,2,80.4726665943383,160.9453331886766,1069,New York
2023-12-10,100,10,22.396729016269145,223.96729016269146,1063,Chicago
2023-12-07,106,4,54.75136197925904,219.00544791703615,1079,Chicago
2023-11-22,101,5,34.450573145576875,172.25286572788437,1099,Phoenix
2023-12-04,105,4,92.84189867641999,371.36759470567995,1033,Los Angeles
2023-11-25,104,10,57.83699272158637,578.3699272158638,1047,New York
2023-12-10,106,4,24.35326070538987,97.41304282155949,1008,Phoenix
2023-12-16,102,4,41.32519419056458,165.30077676225832,1012,Houston
2023-12-07,104,9,95.6595853179081,860.9362678611728,1020,Chicago
2023-12-12,103,6,42.41791996542847,254.5075197925708,1093,Phoenix
2023-11-23,106,7,16.69514555013662,116.86601885095634,1097,New York
2023-11-26,104,7,22.652330571174076,158.56631399821853,1046,Chicago
2023-12-14,108,7,77.70654316635799,543.945802164506,1015,Chicago
2023-12-03,101,1,27.059319402455632,27.059319402455632,1060,New York
2023-11-21,101,1,87.63388180012738,87.63388180012738,1031,New York
2023-12-16,107,4,68.7874101890341,275.1496407561364,1100,Houston
2023-12-02,108,2,42.93429504293375,85.8685900858675,1050,Phoenix
2023-11-23,106,8,87.340194936344,698.721559490752,1028,Phoenix
2023-12-01,106,2,34.445945607821976,68.89189121564395,1040,Chicago
2023-12-11,104,8,75.33057768549223,602.6446214839378,1030,New York
2023-11-22,104,5,78.38466162080483,391.92330810402416,1083,Los Angeles
2023-12-15,109,10,37.61244504130673,376.1244504130673,1070,New York
2023-12-16,101,10,16.800770081895084,168.00770081895084,1061,New York
2023-11-23,100,6,74.10168910027468,444.6101346016481,1092,Chicago
2023-12-03,106,8,43.690246954188325,349.5219756335066,1007,Phoenix
2023-12-19,102,7,15.9626169239923,111.7383184679461,1017,Los Angeles
2023-11-26,107,9,10.103803450104852,90.93423105094367,1072,Los Angeles
2023-12-16,105,2,10.469454815204763,20.938909630409526,1088,Los Angeles
2023-12-07,107,3,19.194159010235317,57.58247703070595,1100,Chicago
2023-11-26,108,9,78.25295614832191,704.2766053348972,1048,Houston
2023-11-28,108,3,91.28693172509006,273.86079517527014,1056,New York
2023-12-06,102,10,30.748850880546883,307.4885088054688,1068,Chicago
2023-11-23,107,9,77.10723665892543,693.9651299303289,1038,Chicago
2023-11-26,106,5,86.96778769149456,434.8389384574728,1089,New York
2023-12-12,105,6,75.17366370561486,451.04198223368917,1060,New York
2023-12-10,106,5,46.01300029239825,230.06500146199127,1003,Los Angeles
2023-11-28,109,3,11.881263847952479,35.64379154385743,1062,Chicago
2023-12-02,101,3,12.937115367091526,38.81134610127458,1068,Chicago
2023-11-30,104,2,64.58890517333526,129.17781034667053,1014,New York
2023-12-15,107,4,36.32003560923964,145.28014243695856,1018,Phoenix
2023-12-14,103,4,32.34753646038949,129.39014584155797,1039,Houston
2023-11-26,109,10,99.74814507779863,997.4814507779863,1005,New York
2023-12-20,100,2,21.04350361654574,42.08700723309148,1042,Los Angeles
2023-11-25,100,4,24.614295028542013,98.45718011416805,1087,Chicago
2023-12-13,104,1,38.82596460415587,38.82596460415587,1002,Los Angeles
2023-12-09,103,5,85.61040446332056,428.0520223166028,1068,Houston
2023-12-10,100,10,19.12107271006188,191.2107271006188,1087,Los Angeles
2023-12-20,105,2,68.60729808756608,137.21459617513216,1000,Chicago
2023-12-10,106,5,48.54126514383955,242.70632571919776,1097,Chicago
2023-12-08,103,6,15.08134343301502,90.48806059809012,1013,Los Angeles
2023-12-10,100,10,48.44276470955414,484.4276470955414,1026,Houston
2023-12-20,101,2,98.64291310296998,197.28582620593997,1068,Chicago
2023-11-27,105,4,43.904630067468275,175.6185202698731,1065,Los Angeles
2023-12-16,107,2,43.11270118009933,86.22540236019866,1095,Los Angeles
2023-11-28,109,2,26.378535068077458,52.757070136154915,1067,New York
2023-11-24,101,5,62.41683681648619,312.08418408243097,1077,New York
2023-12-03,107,4,28.618455009986217,114.47382003994487,1078,Houston
2023-12-07,108,6,55.5841128551552,333.5046771309312,1046,New York
2023-12-03,102,10,11.539794316063984,115.39794316063984,1057,Houston
2023-12-20,104,6,79.00350060542331,474.0210036325399,1012,Phoenix
2023-11-22,104,5,42.595822316798845,212.9791115839942,1069,Chicago
2023-12-14,106,9,63.97690226396761,575.7921203757085,1001,New York
2023-12-13,102,6,66.02583912788984,396.15503476733903,1007,Los Angeles
2023-12-19,102,9,14.051411933339878,126.4627074000589,1069,Phoenix
2023-12-08,101,8,30.390272831989446,243.12218265591557,1057,Los Angeles
2023-12-06,106,4,68.43615803033936,273.7446321213574,1010,Phoenix
2023-12-09,101,1,19.11767421292881,19.11767421292881,1037,Los Angeles
2023-11-26,105,6,83.6761403876079,502.0568423256474,1051,Houston
2023-12-18,105,2,35.99021500377257,71.98043000754514,1076,Houston
2023-12-08,102,4,81.83095747648987,327.3238299059595,1004,Chicago
2023-12-08,106,5,36.51546915956304,182.5773457978152,1047,New York
2023-12-06,100,6,60.01989587861272,360.11937527167635,1079,Houston
2023-11-23,100,5,47.85225638869426,239.2612819434713,1034,New York
2023-12-19,108,2,66.78965011083187,133.57930022166374,1048,Phoenix
2023-11-21,107,4,62.788962505420514,251.15585002168206,1063,Chicago
2023-12-16,106,5,72.9011646096125,364.50582304806244,1047,Phoenix
2023-12-15,105,8,53.6488340164351,429.1906721314808,1093,Houston
2023-12-04,107,9,74.03173906036183,666.2856515432564,1081,Los Angeles
2023-12-08,104,7,97.97782394075195,685.8447675852636,1026,Los Angeles
2023-12-04,100,8,45.80764958649402,366.4611966919522,1001,New York
2023-12-03,100,2,94.02299570534512,188.04599141069025,1044,New York
2023-11-27,104,9,13.064972966016594,117.58475669414935,1050,Houston
2023-12-15,103,10,10.548850923463505,105.48850923463505,1086,New York
2023-12-01,103,4,49.33014371379174,197.32057485516697,1025,Chicago
2023-12-11,103,8,96.70450145358681,773.6360116286945,1082,Houston
2023-12-07,104,5,47.28875005825127,236.44375029125632,1071,Los Angeles
2023-12-03,106,3,70.76350964408743,212.2905289322623,1029,New York
2023-12-20,103,1,33.060039576891334,33.060039576891334,1050,Chicago
2023-12-02,105,1,13.853838897319543,13.853838897319543,1088,New York
2023-11-30,104,5,62.59321687786698,312.9660843893349,1094,New York
2023-11-22,103,3,79.00229134941311,237.00687404823935,1024,Los Angeles
2023-11-29,102,2,61.42071951138954,122.84143902277908,1002,Houston
2023-12-01,101,7,62.250250355801796,435.7517524906126,1091,Phoenix
2023-12-18,100,2,49.03829843008953,98.07659686017907,1008,Phoenix
2023-11-21,100,5,67.09619221924036,335.48096109620184,1061,Los Angeles
2023-12-20,108,2,53.06866980123475,106.1373396024695,1086,Phoenix
2023-11-22,106,8,91.54443977654073,732.3555182123258,1039,New York
2023-12-20,106,6,73.05850866071629,438.3510519642977,1036,New York
2023-12-19,107,4,71.10420644109956,284.41682576439825,1000,Chicago
2023-11-24,108,3,91.31441385956703,273.9432415787011,1036,New York
2023-11-27,102,6,89.98226143649231,539.8935686189539,1057,New York
2023-12-09,107,7,20.35717445357357,142.50022117501499,1013,Houston
2023-12-07,105,1,55.783340600767396,55.783340600767396,1021,New York
2023-12-02,102,10,22.066632386942402,220.66632386942402,1007,Chicago
2023-12-09,106,6,94.81248633057959,568.8749179834775,1007,Chicago
2023-12-18,100,6,68.96525303449363,413.79151820696177,1008,New York
2023-11-22,105,7,95.19328570097433,666.3529999068203,1083,Los Angeles
2023-12-19,103,4,96.29408971452055,385.1763588580822,1045,Chicago
2023-12-19,108,10,93.66699870584674,936.6699870584673,1084,New York
2023-12-16,100,9,40.03229649193298,360.29066842739684,1085,Chicago
2023-12-12,109,3,10.090406088827155,30.271218266481466,1038,New York
2023-11-26,102,8,22.51200558449957,180.09604467599655,1070,Chicago
2023-11-26,104,2,27.53536925985466,55.07073851970932,1030,Phoenix
2023-12-15,108,5,14.533458909568218,72.6672945478411,1078,Los Angeles
2023-11-29,101,2,59.660909451056476,119.32181890211295,1043,Houston
2023-11-26,109,2,51.177474429834476,102.35494885966895,1029,Los Angeles
2023-12-17,105,7,30.747953204717163,215.23567243302014,1018,Houston
2023-11-28,100,8,20.515421052839038,164.1233684227123,1025,Chicago
2023-11-21,105,9,62.10815983014864,558.9734384713378,1046,Houston
2023-11-21,104,10,55.99310574747247,559.9310574747246,1078,Houston
2023-12-02,106,8,11.870631768725545,94.96505414980436,1044,Phoenix
2023-12-11,109,7,43.6011233523214,305.2078634662498,1054,Phoenix
2023-11-28,101,7,47.066093337242386,329.4626533606967,1056,New York
2023-11-21,105,7,23.397474288699602,163.7823200208972,1012,Chicago
2023-11-24,109,1,17.095948837540085,17.095948837540085,1006,Phoenix
2023-11-23,107,6,43.62905286891796,261.77431721350774,1006,New York
2023-11-21,103,2,20.018551876626212,40.037103753252424,1093,New York
2023-12-10,102,1,44.48983140626317,44.48983140626317,1004,Los Angeles
2023-12-07,107,7,40.57457860084875,284.02205020594124,1004,New York
2023-11-24,100,5,13.876612722391227,69.38306361195613,1078,Los Angeles
2023-12-19,101,9,14.547000708381885,130.92300637543696,1023,Phoenix
2023-12-15,109,10,14.236660008662856,142.36660008662855,1086,Chicago
2023-12-04,107,1,71.07902206347424,71.07902206347424,1040,New York
2023-12-20,107,4,97.90497446733148,391.61989786932594,1054,Houston
2023-12-04,102,3,76.67902230816449,230.03706692449347,1025,New York
2023-12-09,107,7,90.60473186599754,634.2331230619827,1049,Chicago
2023-12-04,108,3,55.6570080166459,166.97102404993768,1094,Houston
2023-12-12,106,1,11.495942911862361,11.495942911862361,1067,Los Angeles
2023-11-21,107,5,27.590328679086035,137.95164339543018,1095,Houston
2023-11-24,101,2,48.13655923542947,96.27311847085895,1031,Houston
2023-12-01,102,9,94.1737674530832,847.5639070777488,1010,Houston
2023-12-16,108,9,24.124623247385614,217.12160922647053,1034,Phoenix
2023-12-12,101,7,12.827930123754381,89.79551086628067,1016,Chicago
2023-12-09,102,5,54.275376517497186,271.3768825874859,1045,Chicago
2023-11-23,104,3,77.19706526802372,231.59119580407116,1095,Houston
2023-11-21,107,10,77.85945881443735,778.5945881443735,1021,New York
2023-12-10,105,6,51.62433360556352,309.7460016333811,1027,Chicago
2023-12-03,100,7,42.563763093639075,297.94634165547353,1092,New York
2023-12-14,103,4,59.112072971720394,236.44829188688158,1057,Chicago
2023-12-03,102,4,59.2479256690305,236.991702676122,1082,New York
2023-12-10,102,6,51.170814083478774,307.02488450087264,1047,Los Angeles
2023-12-18,107,4,64.26322878682832,257.0529151473133,1039,New York
2023-12-01,104,4,78.97085350482314,315.88341401929256,1012,New York
2023-12-10,105,7,45.25042351778256,316.7529646244779,1011,Houston
2023-12-15,105,8,59.434521563459235,475.4761725076739,1048,Houston
2023-12-15,101,4,44.116747579472865,176.46699031789146,1077,Houston
2023-12-19,103,2,34.752000314827484,69.50400062965497,1094,Houston
2023-12-12,108,5,57.06792538838283,285.33962694191416,1033,Chicago
2023-12-20,102,3,12.34401500037623,37.03204500112869,1055,Chicago
2023-11-23,106,2,47.663131063026974,95.32626212605395,1044,Phoenix
2023-12-01,106,1,56.51886934070989,56.51886934070989,1043,Los Angeles
2023-11-29,107,8,84.58549122843246,676.6839298274597,1052,Houston
2023-12-16,102,7,13.4217587931909,93.9523115523363,1073,New York
2023-12-10,100,5,93.08850283974647,465.44251419873234,1041,Phoenix
2023-12-02,105,3,19.160773794322804,57.48232138296841,1046,Houston
2023-12-12,100,7,60.31648946740636,422.21542627184454,1019,Houston
2023-11-28,107,9,26.032475757895742,234.2922818210617,1090,New York
2023-11-26,100,3,20.118867342263307,60.35660202678992,1008,Chicago
2023-11-25,107,3,57.82045642673163,173.4613692801949,1043,New York
2023-12-05,101,7,11.595465310950438,81.16825717665307,1089,Phoenix
2023-12-19,102,2,36.9615941648169,73.9231883296338,1070,Los Angeles
2023-12-14,102,5,78.73618404803315,393.68092024016573,1041,New York
2023-11-27,109,1,52.17668691661281,52.17668691661281,1007,Phoenix
2023-12-10,109,1,35.02472421974783,35.02472421974783,1070,Phoenix
2023-12-08,107,4,44.22005266291753,176.88021065167013,1100,Los Angeles
2023-12-18,100,3,75.15973204386614,225.47919613159843,1036,Los Angeles
2023-12-10,104,6,60.73548974860785,364.4129384916471,1063,Houston
2023-12-16,109,7,83.24220301414269,582.6954210989988,1024,New York
2023-12-11,107,5,57.468043805281496,287.34021902640745,1056,Phoenix
2023-12-13,100,2,27.6488586364095,55.297717272819,1073,Los Angeles
2023-12-08,109,3,37.686473216078234,113.0594196482347,1083,Phoenix
2023-12-17,105,1,44.241316767645024,44.241316767645024,1011,Chicago
2023-12-08,101,4,61.80661020035713,247.2264408014285,1005,Los Angeles
2023-12-06,100,9,13.027484323368768,117.24735891031891,1083,New York
2023-12-11,109,4,29.556313457307347,118.22525382922939,1059,Chicago
2023-12-13,109,8,67.55061851982417,540.4049481585934,1027,Chicago
2023-11-26,101,9,64.89727060148721,584.0754354133849,1061,Phoenix
2023-12-15,101,6,34.1087416567035,204.652449940221,1016,Phoenix
2023-11-27,106,1,57.00405821938932,57.00405821938932,1019,Chicago
2023-12-19,104,2,64.31699198883754,128.6339839776751,1014,Houston
2023-12-11,103,6,76.94978396287051,461.69870377722305,1091,Phoenix
2023-11-25,103,2,10.606740236991836,21.213480473983672,1010,Los Angeles
2023-12-08,107,3,55.829139898438456,167.48741969531537,1069,Los Angeles
2023-12-19,102,9,67.09828824134098,603.8845941720688,1057,Phoenix
2023-12-09,109,6,76.7399463432223,460.4396780593338,1057,New York
2023-12-20,103,7,33.81243532431513,236.68704727020594,1002,Los Angeles
2023-12-11,101,9,12.42032595266005,111.78293357394045,1043,Los Angeles
2023-11-25,106,7,24.377487170534536,170.64241019374174,1072,New York
2023-11-26,104,10,71.19745332118174,711.9745332118174,1061,Chicago
2023-11-26,102,1,51.98522554629076,51.98522554629076,1001,Phoenix
2023-11-24,103,10,49.85314409997574,498.53144099975736,1019,Phoenix
2023-11-30,109,2,35.16648508580893,70.33297017161786,1014,Los Angeles
2023-11-30,103,7,88.1868007333264,617.3076051332847,1095,Chicago
2023-12-14,109,5,65.04767210202291,325.2383605101146,1045,Los Angeles
2023-11-25,103,1,85.7074942045786,85.7074942045786,1029,Houston
2023-12-16,100,2,41.84740940075979,83.69481880151957,1065,New York
2023-11-25,102,8,36.85295717950653,294.82365743605226,1099,Phoenix
2023-12-09,100,6,10.136964506407933,60.821787038447596,1082,Los Angeles
2023-11-27,103,5,88.31274092257566,441.56370461287827,1042,Phoenix
2023-11-23,103,9,20.258970508144586,182.33073457330127,1066,Houston
2023-12-19,103,10,74.37390813102566,743.7390813102566,1075,Phoenix
2023-12-14,107,8,75.19561006628757,601.5648805303006,1081,Phoenix
2023-12-18,108,5,82.152182435282,410.76091217641,1094,Phoenix
2023-12-07,104,9,31.96706554130308,287.70358987172773,1023,Chicago
2023-12-15,102,6,72.96607519195359,437.79645115172156,1026,Phoenix
2023-11-29,105,10,23.46720532181959,234.6720532181959,1019,Phoenix
2023-11-23,106,9,70.73941416139334,636.6547274525401,1077,Houston
2023-12-11,106,5,46.4190807511925,232.0954037559625,1066,Chicago
2023-12-07,102,10,76.26797311753798,762.6797311753797,1030,Chicago
2023-12-09,103,3,18.84504065069909,56.53512195209727,1075,New York
2023-12-08,109,4,51.269027646231585,205.07611058492634,1007,Los Angeles
2023-12-18,108,8,80.4746475164892,643.7971801319136,1090,Los Angeles
2023-11-26,100,7,39.05664961995858,273.39654733971,1058,Phoenix
2023-12-04,103,5,64.79071413229089,323.9535706614544,1082,Chicago
2023-12-06,105,10,92.8036735392594,928.0367353925941,1074,New York
2023-12-15,100,5,87.58246680908813,437.9123340454407,1057,Phoenix
2023-11-22,106,10,94.58593394330204,945.8593394330204,1028,Houston
2023-12-01,103,5,33.22518087178325,166.12590435891627,1019,Chicago
2023-11-27,109,5,84.29132639176702,421.4566319588351,1048,Chicago
2023-12-11,108,7,12.64518668099996,88.51630676699972,1074,Chicago
2023-12-01,108,2,73.98620624986171,147.97241249972342,1026,New York
2023-12-04,109,2,55.75999225554221,111.51998451108442,1024,New York
2023-12-17,107,7,73.19493552994841,512.3645487096388,1030,Los Angeles
2023-12-03,104,2,50.65436192355084,101.30872384710167,1082,Houston
2023-12-12,102,7,73.41957999847077,513.9370599892953,1002,New York
2023-12-08,103,5,89.58184019892255,447.9092009946128,1082,New York
2023-11-28,100,5,32.40996140561295,162.04980702806472,1022,Houston
2023-12-14,107,1,87.07889489176999,87.07889489176999,1022,Los Angeles
2023-12-10,100,3,92.06319817914112,276.1895945374234,1080,Los Angeles
2023-12-08,106,2,74.84056729853809,149.68113459707618,1072,Phoenix
2023-12-10,107,4,51.09449040059887,204.3779616023955,1095,Los Angeles
2023-12-15,107,3,83.74560217514656,251.23680652543968,1077,Chicago
2023-12-10,108,4,46.12079627735527,184.48318510942107,1016,Los Angeles
2023-12-04,108,10,84.26540799307267,842.6540799307268,1059,Chicago
2023-12-08,101,5,37.686739865077044,188.43369932538522,1051,Chicago
2023-11-26,103,3,92.3057205602784,276.9171616808352,1077,New York
2023-11-29,104,6,85.91106106190304,515.4663663714182,1086,Phoenix
2023-12-09,103,1,95.7173294286761,95.7173294286761,1039,Los Angeles
2023-12-13,105,5,15.147612293079504,75.73806146539752,1019,Los Angeles
2023-12-09,105,1,52.83578864844682,52.83578864844682,1090,Chicago
2023-11-30,107,2,56.16063689398358,112.32127378796716,1057,Phoenix
2023-12-01,103,4,32.15362518641507,128.61450074566028,1067,Los Angeles
2023-11-26,104,2,16.624927670967573,33.249855341935145,1075,Los Angeles
2023-12-18,107,8,31.47699813131379,251.8159850505103,1054,Chicago
2023-12-13,106,7,71.3955501675895,499.76885117312656,1004,Phoenix
2023-12-01,109,9,50.86929753271662,457.8236777944496,1062,New York
2023-12-13,107,3,84.16937316553079,252.50811949659237,1094,Phoenix
2023-11-21,105,5,88.73364772510898,443.6682386255449,1046,Phoenix
2023-12-07,103,6,49.68798318431791,298.12789910590743,1019,Phoenix
2023-11-29,104,8,48.05577346786277,384.44618774290217,1007,Phoenix
2023-12-12,109,6,34.8614788326107,209.1688729956642,1055,Phoenix
2023-12-16,101,7,64.69295745613522,452.8507021929465,1069,Los Angeles
2023-12-18,109,3,99.23796292650107,297.71388877950324,1059,Chicago
2023-12-15,107,9,13.495121922297113,121.45609730067402,1038,Houston
2023-12-02,104,1,14.509645931489109,14.509645931489109,1027,Chicago
2023-12-16,105,1,32.84529541560266,32.84529541560266,1036,Houston
2023-11-28,107,10,82.25249683752517,822.5249683752518,1088,Houston
2023-12-05,104,8,48.78097324555728,390.2477859644582,1073,Chicago
2023-11-29,107,6,80.01560474543844,480.0936284726306,1065,Chicago
2023-11-22,108,7,48.83291198695272,341.8303839086691,1071,Los Angeles
2023-11-23,107,9,43.02139384430396,387.1925445987356,1029,Chicago
2023-12-10,105,2,69.13085897386095,138.2617179477219,1012,New York
2023-12-11,109,2,13.132828168133816,26.265656336267632,1020,Phoenix
2023-12-11,104,1,38.929190289103566,38.929190289103566,1058,Chicago
2023-12-14,103,4,65.90105690809591,263.60422763238364,1040,New York
2023-12-10,107,9,10.94513125638099,98.5061813074289,1078,Chicago
2023-11-30,104,8,12.555876414652491,100.44701131721993,1054,Los Angeles
2023-12-19,104,10,85.68008168153436,856.8008168153436,1011,Chicago
2023-12-07,104,2,30.819973513125582,61.639947026251164,1078,New York
2023-11-29,102,5,62.397766030171496,311.9888301508575,1037,Houston
2023-12-10,108,7,94.48526268545608,661.3968387981926,1075,Phoenix
2023-12-11,103,1,53.59408913174858,53.59408913174858,1008,Phoenix
2023-11-28,105,8,31.894048499064272,255.15238799251418,1048,Houston
2023-12-15,103,9,83.81881890259318,754.3693701233386,1005,Houston
2023-12-17,108,10,76.43089273272733,764.3089273272733,1076,Phoenix
2023-12-13,109,1,78.66808768344671,78.66808768344671,1043,Los Angeles
2023-12-20,102,7,65.17926614497989,456.2548630148592,1014,Chicago
2023-12-19,109,10,41.42820300998946,414.2820300998946,1064,Phoenix
2023-11-26,108,3,72.42539588196908,217.27618764590724,1076,Phoenix
2023-12-13,101,10,70.20760802300747,702.0760802300747,1060,Phoenix
2023-11-24,105,10,17.9937885944428,179.93788594442802,1019,Phoenix
2023-12-19,103,2,41.05825399417414,82.11650798834827,1052,Los Angeles
2023-11-23,100,9,64.58364593469427,581.2528134122484,1062,Phoenix
2023-11-25,100,6,45.50774430078081,273.04646580468483,1055,Chicago
2023-12-20,101,1,70.66945699519876,70.66945699519876,1047,Houston
2023-12-08,109,3,11.683804724309564,35.05141417292869,1057,New York
2023-11-22,105,2,73.20631591564475,146.4126318312895,1047,Phoenix
2023-12-08,106,8,92.87468501531028,742.9974801224822,1089,Chicago
2023-12-17,100,8,24.886538178238645,199.09230542590916,1084,Chicago
2023-12-09,103,4,33.460591361689225,133.8423654467569,1069,New York
2023-11-30,104,3,52.31819293868077,156.9545788160423,1009,Phoenix
2023-11-25,103,2,61.00803189163063,122.01606378326126,1090,Houston
2023-12-20,109,6,20.058482727553216,120.3508963653193,1093,Phoenix
2023-12-08,107,10,98.28519643269185,982.8519643269185,1008,New York
2023-11-23,102,3,75.80525775950275,227.41577327850825,1064,Chicago
2023-12-12,102,2,35.131002748750305,70.26200549750061,1054,Los Angeles
2023-11-25,102,3,95.50211434807446,286.5063430442234,1090,New York
2023-12-14,100,9,74.54688859933472,670.9219973940125,1017,Chicago
2023-11-25,107,5,70.69765364879095,353.48826824395474,1086,New York
2023-11-23,108,4,84.0232681512906,336.0930726051624,1069,Houston
2023-11-21,104,2,28.42450783622354,56.84901567244708,1036,New York
2023-12-11,102,1,20.577619181916397,20.577619181916397,1022,Houston
2023-11-24,102,7,83.30778344275248,583.1544840992674,1066,New York
2023-11-30,109,6,15.94310321160108,95.65861926960648,1036,Los Angeles
2023-11-23,102,3,16.937426973418184,50.81228092025455,1005,Los Angeles
2023-12-13,107,2,68.41596262794732,136.83192525589465,1074,Phoenix
2023-12-11,104,2,10.473807775769874,20.947615551539748,1014,Houston
2023-12-10,102,10,38.82841891968816,388.2841891968816,1046,Los Angeles
2023-12-01,101,8,98.1690685346018,785.3525482768144,1072,Los Angeles
2023-12-18,109,6,39.49957417779536,236.99744506677217,1067,Phoenix
2023-11-25,107,6,18.63518556049101,111.81111336294606,1080,New York
2023-12-07,103,7,34.330067983189856,240.310475882329,1002,Houston
2023-12-16,100,1,55.47841194382933,55.47841194382933,1068,Phoenix
2023-12-09,108,4,60.43878754948256,241.75515019793025,1019,New York
2023-12-12,103,5,81.93542257402657,409.6771128701329,1052,Chicago
2023-12-06,101,8,92.19963686310692,737.5970949048553,1003,Los Angeles
2023-12-02,106,9,82.00153461587963,738.0138115429168,1099,New York
2023-12-20,108,3,29.357977555094877,88.07393266528463,1051,Los Angeles
2023-12-19,104,3,93.87117863422564,281.6135359026769,1048,Phoenix
2023-12-04,105,3,39.4189122729983,118.2567368189949,1010,New York
2023-12-04,104,5,66.48693908126782,332.4346954063391,1089,Los Angeles
2023-11-26,109,5,27.8599851324608,139.299925662304,1025,Los Angeles
2023-12-04,101,9,72.87361692774817,655.8625523497335,1086,New York
2023-12-18,106,4,77.32783823137076,309.31135292548305,1013,Houston
2023-12-12,105,1,95.85053717062802,95.85053717062802,1070,Los Angeles
2023-11-28,104,4,11.81408457798365,47.2563383119346,1043,Los Angeles
2023-12-19,101,5,64.62963901922208,323.1481950961104,1067,New York
2023-12-14,105,8,10.552075829800149,84.41660663840119,1036,Phoenix
2023-12-14,107,7,46.01276260473744,322.0893382331621,1027,New York
2023-11-28,101,9,30.734530665427773,276.61077598885,1074,Chicago
2023-12-16,101,4,32.4512631862447,129.8050527449788,1050,Chicago
2023-12-06,105,7,52.52151664100864,367.65061648706046,1070,Los Angeles
2023-12-17,103,4,93.06139570667594,372.24558282670375,1022,Phoenix
2023-12-12,101,3,44.250253130634555,132.75075939190367,1062,New York
2023-12-17,101,6,61.619521376434506,369.71712825860703,1052,Los Angeles
2023-12-04,106,1,70.46599076802548,70.46599076802548,1082,Los Angeles
2023-12-03,101,2,97.33801824044377,194.67603648088755,1056,Phoenix
2023-12-05,109,10,25.357716947266972,253.5771694726697,1001,Houston
2023-11-29,105,4,37.562146106914575,150.2485844276583,1018,Houston
2023-11-29,107,6,48.55269675061508,291.3161805036905,1057,Chicago
2023-12-03,108,3,96.4925281463941,289.4775844391823,1001,Houston
2023-11-23,103,9,43.56978780762018,392.1280902685816,1004,Los Angeles
2023-12-20,107,4,91.11958563533122,364.4783425413249,1063,Chicago
2023-11-23,107,4,42.57409816883429,170.29639267533716,1019,Phoenix
2023-11-25,108,10,94.29485911582692,942.9485911582692,1071,Los Angeles
2023-11-21,108,4,40.93580062659296,163.74320250637183,1035,Chicago
2023-12-19,106,5,63.606663860687846,318.0333193034392,1078,Chicago
2023-12-11,102,6,89.96292007239045,539.7775204343427,1030,Phoenix
2023-12-15,108,3,30.677135397628618,92.03140619288585,1004,New York
2023-11-25,106,2,78.19576761086057,156.39153522172114,1034,Phoenix
2023-12-09,106,6,32.01839946846707,192.1103968108024,1067,New York
2023-12-13,107,6,15.206129079533895,91.23677447720337,1065,New York
2023-12-13,108,6,70.04296066848445,420.2577640109067,1006,Phoenix
2023-12-02,107,4,73.63335429651221,294.53341718604884,1069,Los Angeles
2023-12-05,107,3,22.070631173970465,66.21189352191139,1008,New York
2023-12-16,105,7,69.41024337734373,485.87170364140616,1084,Houston
2023-12-06,109,3,35.44405434354202,106.33216303062606,1089,Houston
2023-12-19,103,6,49.01950488208219,294.11702929249316,1042,Los Angeles
2023-12-16,105,9,52.916622605699516,476.2496034512956,1071,Phoenix
2023-12-01,102,4,98.82489265134735,395.2995706053894,1010,Houston
2023-12-03,103,4,99.02604997852407,396.1041999140963,1009,Phoenix
2023-12-12,103,5,13.297667096399646,66.48833548199823,1034,Phoenix
2023-12-03,109,2,24.766948846662352,49.533897693324704,1050,Houston
2023-11-23,104,6,99.90106224779996,599.4063734867998,1015,Phoenix
2023-11-27,101,5,50.58637155303239,252.93185776516196,1031,New York
2023-12-20,102,8,24.108516236420428,192.86812989136342,1087,New York
2023-11-26,109,2,61.10138960797106,122.20277921594212,1080,Houston
2023-11-22,103,7,95.2217390624065,666.5521734368455,1051,Chicago
2023-12-09,100,7,98.78801720373876,691.5161204261714,1038,Chicago
2023-12-05,108,3,39.20020988920385,117.60062966761154,1096,New York
2023-11-22,102,9,89.58587197998172,806.2728478198354,1024,Houston
2023-11-30,102,5,73.65539672196525,368.27698360982623,1016,Los Angeles
2023-12-10,103,7,61.18189432017495,428.27326024122465,1049,Los Angeles
2023-11-23,104,6,30.26039109287546,181.56234655725274,1000,New York
2023-12-18,107,9,60.06943800936898,540.6249420843208,1025,Los Angeles
2023-12-15,105,6,66.37336405226188,398.24018431357126,1056,Chicago
2023-12-13,103,10,52.95416158473173,529.5416158473173,1025,Phoenix
2023-12-02,106,9,23.48714541339612,211.3843087205651,1003,Chicago
2023-11-23,103,7,66.5601755433362,465.9212288033534,1009,Houston
2023-12-04,103,10,34.23038455130573,342.30384551305735,1011,Chicago
2023-12-19,104,9,58.654419702673934,527.8897773240654,1079,Chicago
2023-12-02,103,10,36.518705550944084,365.1870555094408,1062,Houston
2023-12-03,104,9,95.3342009422454,858.0078084802086,1044,Phoenix
2023-12-09,104,9,17.012986390944548,153.11687751850093,1031,Chicago
2023-11-24,109,3,28.19030139596224,84.57090418788673,1091,Phoenix
2023-12-20,103,4,37.95160271175925,151.806410847037,1050,Chicago
2023-11-27,102,7,99.19366034167673,694.3556223917371,1011,Phoenix
2023-12-18,108,6,34.321020263987094,205.92612158392257,1039,Chicago
2023-12-16,109,2,62.34654513197255,124.6930902639451,1028,Chicago
2023-12-09,102,2,79.14019284053605,158.2803856810721,1014,Chicago
2023-12-10,105,8,89.89254382910569,719.1403506328455,1040,Houston
2023-12-19,103,1,73.92787312232862,73.92787312232862,1072,Chicago
2023-12-20,104,8,90.12614467662945,721.0091574130356,1088,Chicago
2023-11-23,107,1,62.55702736205274,62.55702736205274,1033,Chicago
2023-11-28,103,8,68.14615295584461,545.1692236467569,1037,Chicago
2023-12-18,103,5,69.0841255721824,345.420627860912,1018,New York
2023-11-24,102,9,25.433591087919474,228.90231979127526,1066,Chicago
2023-12-04,106,3,60.00718761272092,180.02156283816277,1025,Phoenix
2023-12-03,102,8,30.588090935917222,244.70472748733778,1053,Los Angeles
2023-11-27,108,9,37.26397800987643,335.3758020888879,1056,Los Angeles
2023-12-17,108,6,28.278153200827244,169.66891920496346,1003,Chicago
2023-12-03,101,10,85.13703834674658,851.3703834674658,1041,New York
2023-12-06,106,1,20.361608671223976,20.361608671223976,1000,Houston
2023-12-06,106,1,23.662273903400045,23.662273903400045,1051,Los Angeles
2023-12-19,108,8,88.64091666740079,709.1273333392063,1026,New York
2023-11-28,102,6,64.47595067087866,386.85570402527196,1071,Houston
2023-12-20,102,3,88.56636441336033,265.69909324008097,1100,Phoenix
2023-12-18,105,4,72.92530386609424,291.70121546437696,1080,Houston
2023-12-10,107,8,78.91652561584537,631.332204926763,1035,Los Angeles
2023-11-30,101,8,37.72418953800546,301.7935163040437,1038,Los Angeles
2023-12-20,107,9,82.66146365074471,743.9531728567024,1070,Los Angeles
2023-11-28,107,4,59.8903506457197,239.5614025828788,1005,New York
2023-12-14,103,9,12.629569481681399,113.66612533513259,1087,Los Angeles
2023-11-23,105,6,93.80818148687287,562.8490889212372,1034,Phoenix
2023-12-20,108,3,60.49319294315435,181.47957882946304,1013,Los Angeles
2023-11-27,106,9,39.288097153752986,353.59287438377686,1055,New York
2023-11-30,108,10,85.3855288779357,853.855288779357,1082,Chicago
2023-12-13,109,3,82.17521516840203,246.5256455052061,1022,Houston
2023-12-04,102,9,13.26026001941933,119.34234017477398,1078,Chicago
2023-11-23,105,5,93.0884844372879,465.4424221864395,1074,New York
2023-11-30,102,5,75.14606651146428,375.7303325573214,1022,New York
2023-12-11,104,10,79.1313290512839,791.313290512839,1073,Houston
2023-12-20,107,6,91.63826258273106,549.8295754963864,1059,Los Angeles
2023-12-07,102,2,11.948929126918065,23.89785825383613,1057,Los Angeles
2023-12-16,107,5,47.60784943015233,238.03924715076164,1013,Houston
2023-12-07,106,9,91.63606772722054,824.7246095449848,1021,Los Angeles
2023-11-21,101,8,16.314877266708265,130.51901813366612,1058,Chicago
2023-12-20,101,4,23.364499521270147,93.45799808508059,1091,Phoenix
2023-12-17,101,4,28.283942385579074,113.1357695423163,1031,Chicago
2023-12-19,105,2,44.92180170406744,89.84360340813488,1027,Los Angeles
2023-11-30,101,9,35.377926126110125,318.40133513499114,1021,New York
2023-12-17,105,10,33.18242868283933,331.82428682839327,1043,Chicago
2023-12-14,102,7,80.61465861953704,564.3026103367592,1076,Chicago
2023-11-25,109,6,65.25040637180444,391.50243823082667,1010,Chicago
2023-11-27,106,10,20.03011404123006,200.3011404123006,1051,Chicago
2023-12-13,101,7,36.34033885356823,254.3823719749776,1005,Phoenix
2023-12-14,104,8,22.59599612930065,180.7679690344052,1097,Phoenix
2023-12-06,106,5,46.81090063946848,234.0545031973424,1080,Phoenix
2023-12-06,104,2,80.35679872879462,160.71359745758923,1001,New York
2023-12-14,103,7,33.52353823401765,234.66476763812355,1040,Los Angeles
2023-12-03,107,1,94.27973038807338,94.27973038807338,1035,New York
2023-12-01,106,4,13.079484488726045,52.31793795490418,1068,Phoenix
2023-12-20,107,4,70.64633287063798,282.5853314825519,1043,New York
2023-12-13,105,1,95.47910474875388,95.47910474875388,1081,Los Angeles
2023-11-22,108,6,34.191336600171596,205.14801960102957,1096,New York
2023-12-16,103,8,33.8070776230597,270.4566209844776,1080,Chicago
2023-12-12,107,2,62.44312128983382,124.88624257966764,1083,Phoenix
2023-12-12,102,10,88.50331962745123,885.0331962745123,1050,Los Angeles
2023-12-05,105,4,35.539770445907166,142.15908178362866,1095,Houston
2023-11-22,101,6,68.20506165292963,409.2303699175778,1008,New York
2023-11-29,108,9,92.74662739239432,834.7196465315488,1023,Phoenix
2023-12-02,106,8,11.978912179444638,95.8312974355571,1002,New York
2023-12-05,100,9,89.33733901621643,804.0360511459479,1089,Chicago
2023-11-24,101,5,72.53739827715458,362.6869913857729,1026,Los Angeles
2023-12-11,102,10,50.14775586696729,501.4775586696729,1050,Chicago
2023-12-16,108,6,52.10730209573147,312.6438125743888,1086,Los Angeles
2023-11-22,107,2,79.07120614464647,158.14241228929293,1097,Houston
2023-12-14,103,3,74.58212038325051,223.74636114975152,1030,Los Angeles
2023-11-29,108,6,90.03030947653268,540.181856859196,1062,New York
2023-11-21,102,8,72.01210881121584,576.0968704897267,1085,Chicago
2023-12-02,104,7,93.27854508419806,652.9498155893864,1031,Houston
2023-12-03,108,2,58.48896598488574,116.97793196977148,1052,Phoenix
2023-12-03,103,2,38.52058580311595,77.0411716062319,1079,Houston
2023-11-29,103,2,71.1570587555208,142.3141175110416,1099,Houston
2023-11-22,109,7,95.22810273055364,666.5967191138755,1039,Chicago
2023-11-22,104,5,44.056292772756656,220.28146386378327,1058,Houston
2023-12-15,106,2,49.6878105796733,99.3756211593466,1009,Los Angeles
2023-11-23,105,10,63.817329030971365,638.1732903097136,1018,Chicago
2023-12-04,104,3,78.45953133737788,235.37859401213365,1011,Los Angeles
2023-12-08,104,1,34.508052196274804,34.508052196274804,1063,Houston
2023-12-03,108,9,37.36558352890528,336.29025176014756,1064,New York
2023-11-26,107,7,89.5371448355053,626.7600138485371,1043,Houston
2023-12-13,105,5,52.189774153289385,260.94887076644693,1020,New York
2023-12-10,108,9,80.65468050254724,725.8921245229251,1072,Phoenix
2023-12-19,105,4,23.06871206767999,92.27484827071996,1072,Phoenix
2023-12-13,107,8,35.00432179786415,280.0345743829132,1075,Chicago
2023-11-26,100,4,93.8220269642899,375.2881078571596,1036,Houston
2023-11-27,105,6,37.42807475095653,224.56844850573918,1025,Chicago
2023-11-30,102,9,57.334661651671404,516.0119548650426,1015,Los Angeles
2023-12-05,104,7,69.05033792310954,483.3523654617668,1070,Chicago
2023-12-06,109,5,14.674743586583581,73.37371793291791,1066,Houston
2023-11-23,107,10,15.433825588961236,154.33825588961236,1065,Chicago
2023-12-01,102,9,18.50715753748822,166.56441783739396,1097,New York
2023-12-10,103,7,95.66026818158907,669.6218772711235,1006,Los Angeles
2023-11-26,100,4,53.58418955529249,214.33675822116996,1052,Chicago
2023-12-08,106,1,71.07748420564464,71.07748420564464,1014,Houston
2023-11-26,107,1,92.00158710900537,92.00158710900537,1008,Phoenix
2023-11-22,109,4,32.3643218241418,129.4572872965672,1029,Phoenix
2023-11-29,103,9,74.91808045037956,674.262724053416,1098,Phoenix
2023-12-15,100,8,22.61955594111469,180.95644752891752,1089,Los Angeles
2023-12-17,102,2,13.401451391141045,26.80290278228209,1000,Los Angeles
2023-12-20,105,9,87.98408009831371,791.8567208848234,1100,Chicago
2023-12-02,107,7,89.49996201895884,626.4997341327119,1079,Houston
2023-12-12,104,7,57.3057498004626,401.1402486032382,1069,New York
2023-12-06,101,3,31.59510245506006,94.78530736518019,1050,Phoenix
2023-11-21,105,4,12.616764612210378,50.46705844884151,1034,Chicago
2023-11-30,100,3,37.108664261340884,111.32599278402265,1060,Chicago
2023-11-24,103,10,61.02668732962117,610.2668732962117,1072,Los Angeles
2023-11-23,101,3,83.60283756738002,250.80851270214006,1021,Phoenix
2023-11-22,107,2,83.60755173097259,167.21510346194518,1086,New York
2023-12-11,109,1,65.3687862740646,65.3687862740646,1076,Houston
2023-12-08,104,1,46.057540436362494,46.057540436362494,1096,Los Angeles
2023-12-04,105,6,98.03851617059502,588.2310970235701,1016,Phoenix
2023-12-18,106,8,97.06382687075825,776.510614966066,1050,Phoenix
2023-11-29,103,8,32.403413712997775,259.2273097039822,1050,Chicago
2023-12-16,100,9,71.10342934275894,639.9308640848305,1033,New York
2023-12-06,102,4,86.19892365830907,344.7956946332363,1043,New York
2023-11-21,102,7,96.7727913859705,677.4095397017935,1020,New York
2023-12-12,101,1,83.01521485366224,83.01521485366224,1046,Phoenix
2023-12-08,109,4,19.51795138359806,78.07180553439224,1068,Chicago
2023-12-19,109,1,63.790491193650034,63.790491193650034,1009,Los Angeles
2023-12-15,100,7,47.73409148176368,334.1386403723457,1055,Houston
2023-11-26,102,7,80.20001941155618,561.4001358808932,1083,Los Angeles
2023-11-26,108,6,95.76196688361584,574.571801301695,1002,Phoenix
2023-12-11,102,8,98.72857274756963,789.828581980557,1019,Los Angeles
2023-11-23,100,1,55.8077103323722,55.8077103323722,1037,Houston
2023-12-06,108,10,98.67614342050013,986.7614342050013,1079,Los Angeles
2023-11-29,109,4,47.26962581453426,189.07850325813703,1066,Los Angeles
2023-11-25,101,1,38.382060544042666,38.382060544042666,1029,New York
2023-12-16,101,10,32.16640583017973,321.66405830179724,1013,Chicago
2023-12-19,108,9,61.88884846205775,556.9996361585197,1028,Phoenix
2023-11-25,106,5,35.88619638280002,179.4309819140001,1092,Phoenix
2023-12-03,104,2,71.883792675835,143.76758535167,1058,Chicago
2023-12-20,107,3,11.76523953030922,35.29571859092766,1064,Los Angeles
2023-11-27,109,7,43.55435513782663,304.88048596478643,1070,Chicago
2023-12-03,107,4,17.87964993416928,71.51859973667712,1039,Chicago
2023-11-26,101,6,70.68259497454065,424.0955698472439,1015,Chicago
2023-12-08,106,10,23.909129941285734,239.09129941285732,1079,Los Angeles
2023-11-30,101,9,64.36144250234236,579.2529825210812,1077,Houston
2023-12-15,106,1,47.45976538829528,47.45976538829528,1014,Houston
2023-12-15,107,9,93.64597939725425,842.8138145752882,1083,New York
2023-12-20,105,5,50.4782732297833,252.3913661489165,1085,Houston
2023-11-23,106,2,56.28688989781538,112.57377979563076,1084,Phoenix
2023-11-28,107,8,24.37921558084635,195.0337246467708,1033,New York
2023-11-22,107,9,53.84482712989987,484.6034441690988,1067,Phoenix
2023-12-20,104,3,49.75196696952247,149.2559009085674,1092,Phoenix
2023-12-13,108,6,67.99565779052838,407.9739467431703,1015,Chicago
2023-12-12,103,3,13.04892680617352,39.146780418520564,1056,Los Angeles
2023-12-10,100,7,67.97339929326657,475.813795052866,1083,Los Angeles
2023-12-11,101,2,63.062448206015134,126.12489641203027,1006,Los Angeles
2023-12-09,100,10,20.37203093465462,203.7203093465462,1041,Los Angeles
2023-11-28,105,7,34.16198860672641,239.13392024708486,1066,Los Angeles
2023-11-25,103,10,24.127469756828848,241.27469756828847,1036,New York
2023-12-11,106,4,59.58739808624852,238.34959234499408,1087,Los Angeles
2023-12-14,109,5,60.584357171392064,302.9217858569603,1034,Los Angeles
2023-11-21,103,4,15.937547572665505,63.75019029066202,1016,New York
2023-11-22,104,8,77.24172795052081,617.9338236041665,1023,Los Angeles
2023-11-22,101,4,98.36315165715159,393.45260662860636,1021,Phoenix
2023-11-26,109,3,96.89526318750565,290.68578956251696,1010,Phoenix
2023-12-17,109,4,45.48262075873019,181.93048303492077,1011,Phoenix
2023-12-06,104,9,59.85755440428562,538.7179896385705,1068,Los Angeles
2023-12-06,105,10,75.56189752157013,755.6189752157013,1096,New York
2023-12-19,106,10,55.34440991172392,553.4440991172393,1049,Los Angeles
2023-11-28,109,5,34.62473861693894,173.1236930846947,1020,Phoenix
2023-12-12,107,8,16.887279514847133,135.09823611877707,1070,Phoenix
2023-12-04,100,9,34.647307789299944,311.8257701036995,1044,Chicago
2023-12-16,101,1,19.934359989875134,19.934359989875134,1095,Chicago
2023-11-29,104,10,78.4732595444139,784.7325954441391,1021,Phoenix
2023-12-06,108,5,78.69843896305458,393.4921948152729,1005,Chicago
2023-11-25,106,1,45.43584404540255,45.43584404540255,1065,New York
2023-11-28,109,10,34.48599228437783,344.8599228437783,1006,Phoenix
2023-11-21,106,3,49.45822051163181,148.37466153489544,1073,New York
2023-12-01,104,2,13.243472565265211,26.486945130530422,1072,Los Angeles
2023-12-13,101,9,70.90196127567219,638.1176514810497,1084,Phoenix
2023-12-01,103,9,14.494368767948032,130.4493189115323,1033,Houston
2023-12-01,109,10,17.42287608893382,174.2287608893382,1028,Houston
2023-11-23,103,6,27.817358585014208,166.90415151008526,1060,Chicago
2023-12-19,106,1,49.32841242804763,49.32841242804763,1091,Houston
2023-11-27,104,9,63.36590908684102,570.2931817815692,1077,Phoenix
2023-11-26,104,7,85.57047827597168,598.9933479318017,1048,Chicago
2023-11-27,102,3,60.32119663953589,180.96358991860768,1076,Houston
2023-11-29,101,3,10.573772362743059,31.721317088229178,1050,Houston
2023-11-25,103,1,78.115654858473,78.115654858473,1040,Chicago
2023-11-29,107,1,94.93220682090741,94.93220682090741,1060,New York
2023-12-13,107,8,79.62245112407061,636.9796089925649,1078,Phoenix
2023-12-17,109,9,95.27947212742808,857.5152491468527,1013,Los Angeles
2023-12-06,103,9,82.5464283929467,742.9178555365203,1097,New York
2023-12-01,108,1,69.96099938797977,69.96099938797977,1097,Chicago
2023-11-22,106,5,88.91676738055708,444.5838369027854,1041,Los Angeles
2023-11-24,100,9,65.66145144964716,590.9530630468245,1041,Chicago
2023-12-13,102,1,89.51836184177795,89.51836184177795,1030,Los Angeles
2023-12-13,105,8,67.66157385952047,541.2925908761638,1048,Los Angeles
2023-12-02,108,8,91.93989701710194,735.5191761368155,1020,Los Angeles
2023-12-20,102,5,33.38695846581655,166.93479232908274,1014,Los Angeles
2023-12-04,102,9,31.250447682636565,281.2540291437291,1065,Houston
2023-11-28,103,4,76.6721367002175,306.68854680087,1021,Chicago
2023-11-21,106,5,54.76706359689367,273.83531798446836,1034,Houston
2023-11-24,106,5,14.58236529419857,72.91182647099285,1068,Houston
2023-11-30,106,2,44.200248943969676,88.40049788793935,1019,New York
2023-12-07,101,1,77.91133510775893,77.91133510775893,1084,New York
2023-11-24,103,4,22.52325824603933,90.09303298415732,1024,Los Angeles
2023-12-14,104,2,21.47970843480907,42.95941686961814,1001,Phoenix
2023-12-17,108,3,97.45862709464802,292.37588128394407,1025,Phoenix
2023-12-01,102,9,91.19802558444843,820.7822302600359,1079,Chicago
2023-12-15,106,7,46.453804914635576,325.17663440244905,1002,Houston
2023-12-01,101,8,93.74521787174615,749.9617429739692,1017,Los Angeles
2023-12-12,104,3,19.924473894765665,59.77342168429699,1084,Houston
2023-12-05,104,9,12.685664548280618,114.17098093452556,1067,Chicago
2023-12-06,104,9,68.88364176233965,619.9527758610568,1098,Phoenix
2023-12-16,104,6,87.62517422144042,525.7510453286425,1050,Chicago
2023-11-27,108,5,64.93014381985384,324.65071909926917,1031,Phoenix
2023-12-17,100,4,33.03956621754927,132.1582648701971,1050,Phoenix
2023-11-21,108,10,88.59953982642588,885.9953982642588,1063,Houston
2023-12-16,105,10,54.86695468516162,548.6695468516162,1031,Phoenix
2023-12-08,109,2,46.32973435030685,92.6594687006137,1031,Chicago
2023-12-07,109,5,46.170192254277595,230.85096127138797,1022,Houston
2023-12-07,105,10,61.10838477477125,611.0838477477125,1037,Los Angeles
2023-12-17,103,1,46.18623038168114,46.18623038168114,1005,Phoenix
2023-12-19,105,1,19.806956181929337,19.806956181929337,1011,New York
2023-12-07,105,9,10.791655234112834,97.12489710701551,1008,Phoenix
2023-12-17,100,3,20.14178513143961,60.425355394318835,1020,Los Angeles
2023-12-15,107,4,93.206549843744,372.826199374976,1055,Phoenix
2023-12-01,107,8,95.73882738657748,765.9106190926199,1025,Los Angeles
2023-12-17,105,8,71.8315321254252,574.6522570034016,1037,Phoenix
2023-12-12,105,1,37.091221620599114,37.091221620599114,1088,Houston
2023-11-24,104,7,94.22526374970347,659.5768462479243,1045,Chicago
2023-12-16,100,10,85.46547769722922,854.6547769722922,1063,New York
2023-12-05,104,8,57.55168022141467,460.41344177131737,1062,Los Angeles
2023-12-13,107,4,10.200128613197654,40.800514452790615,1059,Chicago
2023-11-22,100,6,78.16265577615867,468.97593465695206,1046,Phoenix
2023-11-27,106,10,82.55275306143487,825.5275306143487,1039,New York
2023-12-17,101,4,56.798522417602214,227.19408967040886,1032,Chicago
2023-12-06,105,3,10.602558971400173,31.80767691420052,1089,Chicago
2023-12-12,102,1,16.675921193749435,16.675921193749435,1013,Phoenix
2023-12-20,102,9,87.1752186115411,784.5769675038699,1093,Los Angeles
2023-11-22,107,2,46.677698008073165,93.35539601614633,1042,New York
2023-12-07,102,8,19.579490205861937,156.6359216468955,1099,Los Angeles
2023-11-29,102,7,62.19916008267405,435.39412057871834,1042,Houston
2023-12-01,104,6,26.99164941848032,161.94989651088193,1009,Los Angeles
2023-12-11,100,2,83.81481545313493,167.62963090626985,1071,Los Angeles
2023-11-29,105,4,53.279096732392674,213.1163869295707,1083,Houston
2023-12-14,103,1,17.266101772921118,17.266101772921118,1019,New York
2023-12-19,102,10,85.71727819951707,857.1727819951707,1034,New York
2023-11-29,103,8,80.55998120564017,644.4798496451214,1014,New York
2023-12-02,108,10,20.152516777300193,201.52516777300193,1084,Chicago
2023-12-15,107,7,55.95946464661894,391.7162525263326,1061,Houston
2023-12-16,103,7,60.877116881565506,426.13981817095856,1030,Houston
2023-11-27,109,10,64.22134666162485,642.2134666162485,1002,Phoenix
2023-11-22,103,4,17.52353619888105,70.0941447955242,1056,Houston
2023-12-08,107,1,40.7332307103844,40.7332307103844,1024,Houston
2023-11-22,109,4,56.27499589470107,225.09998357880428,1057,Phoenix
2023-12-18,108,7,16.1486542733101,113.0405799131707,1076,Chicago
2023-12-01,106,2,69.24024313446918,138.48048626893836,1072,New York
2023-12-08,105,3,56.478138032647,169.43441409794102,1021,Chicago
2023-12-16,100,7,77.06685015944309,539.4679511161016,1050,Houston
2023-12-08,101,5,45.465763924832046,227.32881962416025,1084,New York
2023-11-25,109,2,43.53575645628976,87.07151291257952,1087,Phoenix
2023-12-06,109,8,56.732813390421484,453.86250712337187,1097,Houston
2023-12-07,107,9,31.870638323678705,286.83574491310833,1097,New York
2023-12-04,104,10,48.144191629614774,481.4419162961477,1023,Los Angeles
2023-12-16,103,8,88.07769009295141,704.6215207436113,1049,Phoenix
2023-11-22,103,5,49.708314564180775,248.54157282090387,1097,Phoenix
2023-12-04,108,1,82.09341061371937,82.09341061371937,1073,New York
2023-11-29,100,10,75.92333833320113,759.2333833320113,1006,Houston
2023-12-09,101,10,66.28959294598741,662.8959294598741,1044,Houston
2023-12-08,109,6,77.16703829378652,463.00222976271914,1056,Chicago
2023-12-06,108,6,98.65205646631574,591.9123387978944,1003,Los Angeles
2023-12-20,103,6,33.374896032047005,200.24937619228203,1032,Houston
2023-11-25,106,7,38.19266876042414,267.348681322969,1025,New York
2023-11-23,107,8,59.21421592641133,473.7137274112906,1065,Houston
2023-12-06,104,6,79.10996225896847,474.6597735538108,1024,Chicago
2023-11-23,107,4,85.01212678142856,340.04850712571425,1005,New York
2023-11-21,102,2,99.6929397831238,199.3858795662476,1060,Phoenix
2023-12-05,100,5,12.610770082358334,63.05385041179167,1100,Houston
2023-12-14,102,1,97.3904940060963,97.3904940060963,1055,Houston
2023-12-02,103,1,17.237588908165232,17.237588908165232,1069,Los Angeles
2023-12-18,102,7,55.352262688733255,387.46583882113276,1058,Houston
2023-12-10,102,10,37.50681701322399,375.06817013223986,1025,Houston
2023-12-09,100,6,33.348056345445414,200.08833807267249,1082,Houston
2023-12-03,107,1,52.02154206676956,52.02154206676956,1038,Los Angeles
2023-12-01,109,4,42.042333079055986,168.16933231622394,1044,Los Angeles
2023-12-08,103,5,92.58478761904335,462.9239380952168,1061,New York
2023-12-20,104,10,68.33633893960287,683.3633893960287,1031,Houston
2023-11-24,108,10,85.8316253500002,858.316253500002,1022,Phoenix
2023-11-22,104,9,25.684754237313467,231.1627881358212,1019,Los Angeles
2023-12-01,107,1,64.15018433650951,64.15018433650951,1031,Houston
2023-12-09,103,2,77.35001038417253,154.70002076834507,1100,Los Angeles
2023-12-06,102,4,49.52231638760042,198.08926555040168,1075,Houston
2023-12-19,109,8,72.91810996227895,583.3448796982316,1063,Houston
2023-12-16,100,5,51.958879039736104,259.7943951986805,1098,Los Angeles
2023-12-04,102,7,23.71822815719677,166.0275971003774,1036,Phoenix
2023-12-09,102,4,19.630435872037623,78.52174348815049,1095,Chicago
2023-12-05,108,6,17.05482319933275,102.3289391959965,1048,Phoenix
2023-12-07,109,8,16.679569355174436,133.4365548413955,1058,Houston
2023-11-27,100,5,75.96528736016205,379.82643680081026,1070,Los Angeles
2023-11-23,103,2,77.28665688705507,154.57331377411015,1061,Los Angeles
2023-12-03,107,3,30.61785808842212,91.85357426526636,1003,Los Angeles
2023-12-20,106,1,21.072768015378955,21.072768015378955,1069,Houston
2023-11-24,103,9,69.36408197049724,624.2767377344751,1002,Chicago
2023-12-10,109,4,60.56205698761214,242.24822795044855,1076,Los Angeles
2023-12-16,109,5,90.8096766334346,454.04838316717303,1056,Phoenix
2023-12-14,106,8,68.88635011518494,551.0908009214795,1082,Houston
2023-12-05,106,2,96.97777821116647,193.95555642233293,1070,Phoenix
2023-12-11,109,7,46.69679070781538,326.8775349547077,1099,Houston
